{
  "id": "folkens-macros-pf1",
  "title": "Folkens PF1 Macros for the Blind",
  "description": "text-activated macros useful to blind players, actor agnostic",
  "authors": [
    {
      "name": "Folken"
    },
  ],
  "version": "1.0",
  "packs": [
    {
      "label": "Folken's PF1 Blind Macros",
      "name": "folkenpf1blindmacros",
      "path": "packs/macro.db",
      "type": "Macro",
      "private": false,
      "flags": {}
    }
  ],
  "id": "folkens-macros-pf1",
  "manifest": "https://github.com/folken88/folkens-macros-pf1/blob/main/module.json",
	"download": "https://github.com/folken88/folkens-macros-pf1/blob/main/releases/download/module.zip",
  "compatibility": {
    "minimum": "10.0",
    "verified": "10"
  },
		"relationships": {
    "requires": [
      {
        "id": "advanced-macros",
        "type": "module",
        "compatibility": {}
	    }, 
	    {
        "id": "lib-wrapper",
        "type": "module",
        "compatibility": {}
	    }
	]
		}
}